title|imdb_number|verified_imdb_number
1st Look|tt1494843|
21 Jump Street|tt0092312|
3-2-1 Penguins!|tt1114703|
30 Rock|tt0496424|
3rd Rock from the Sun|tt0115082|
A Little Late With Lilly Singh|tt10023178|
Aaron Hernandez Uncovered|tt9145294|
Airwolf|tt0086662|
Alfred Hitchcock Presents|tt0047708|
Alien News Desk|tt9287050|
America's Got Talent|tt0759364|
American Greed|tt1190931|
American Ninja Warrior|tt1587934|
Arnie|tt0065274|
Battlestar Galactica|tt0076984|
Beat the Clock|tt0042080|
Beethoven|tt0103786|
Below Deck Mediterranean|tt5665418|
Bethenny Ever After|tt1661102
Bethenny Getting Married?|tt1661102|
Billion Dollar Buyer|tt5363720|
Blue Collar Millionaires|tt5518552
Bluff City Law|tt10312776|
Botched|tt0790590|
Care Bears|tt0284713|
Cash Pad|tt10776962|
Cheers|tt0083399|
Chicago Med|tt4655480|
Chicago P.D.|tt2805096|
Chrisley Knows Best|tt3688530|
Cleopatra in Space|tt11343400|
Cleveland Hustles|tt6049784|
Code Monkeys|tt1068683|
Columbo|tt1466074|
Council of Dads|tt9165830|
Covert Affairs|tt1495708|
Curious George|tt0221100|tt0381971
Dateline NBC|tt0103396|
Days of our Lives|tt0058796|
Deal or No Deal|tt0407380|
Dork Hunters From Outer Space|tt1380835|
Downton Abbey|tt1606375|
Escape to the Chateau|tt6249614|
Escape to the Chateau: DIY|tt8159596|
Eureka|tt0083906|
Everybody Hates Chris|tt0460637|
Everybody Loves Raymond|tt0115167|
Exosquad|tt0106842|
Face Off|tt0068564|
Father of the Pride|tt0361179|
Feherty|tt1962630|
Fievel's American Tails|tt0221172|
Fifi and the Flowertots|tt0484802|
Five Bedrooms|tt11998268|
Five Day Biz Fix|tt10985806|
Flipping Out|tt1078394|
Follow the Leader|tt0020895|
Forensic Files|tt0247882|
Forensic Files|tt0247882|
Frasier|tt0106004|
Friday Night Lights|tt0390022|
George Lopez|tt0310460|
George to the Rescue|tt12464172|
Get Out of My Room|tt0089199|
Ghost Hunters International|tt1122725|
Grace Under Fire|tt0106017|
Grounded for Life|tt0255734|
Guess With Jess|tt1695536|
Hell's Kitchen|tt0031412|tt0437005
Heroes|tt0076138|tt0813715
Highlander|tt0091203|
Hitmen|tt0194942|tt9041792
Hogan|tt11136718|
Hollywood Game Night|tt3037520|
Homicide for the Holidays|tt6463374|
House|tt0076162|
How I Made My Millions|tt2116183|
In Ice Cold Blood|tt8130432|
Intelligence|tt0145844|tt9454736
Jack|tt0074704|tt0116669
Jay Leno's Garage|tt2059823|
Junk Drawer Magic|tt5525448|
Killision Course|tt6322268|
Kitchen Nightmares|tt0983514|
Ladies of London|tt2815618|
Late Night With Seth Meyers|tt3513388|
Leave It to Beaver|tt0050032|
Legend of the Dragon|tt0100047|
Life Hacks For Kids|tt4674760|
Listing Impossible|tt9742974|
Little Charley Bear|tt1313065|
Lost Speedways|tt12591286|
Love Child|tt0084273|tt10883286
Maisy|tt1176301|
Make Me a Millionaire Inventor|tt3684684|
Make Way for Noddy|tt0383122|
Making It|tt0067383|tt6874206
Married to Medicine|tt2543378|
Million Dollar Listing Los Angeles|tt0815063|
Million Dollar Listing New York|tt1879599|
Monk|tt0312172|
My Life Me|tt4654650|
Necessary Roughness|tt0102517|
New Amsterdam|tt0928414|
Noddy in Toyland|tt0251303|
Noddy's Toyland Adventures|tt0108881|
Pac-Man and the Ghostly Adventures|tt2392179|
Parenthood|tt0098067|
Parks and Recreation|tt1266020|
Pawn Stars|tt1492088|
Pocket Dragon Adventures|tt0158854|
Poker After Dark|tt0971928|
Postman Pat|tt0149509|
Psych|tt0491738|
Punky Brewster|tt0086787|
Raa Raa the Noisy Lion|tt2021826|
Ray Donovan|tt2249007|
Real Husbands of Hollywood|tt2608368|
Restaurant Startup|tt3788022|
Roary the Racing Car|tt1027544|
Roger Ramjet|tt0161186|
Sabrina the Teenage Witch|tt0066707|
Saturday Night Live|tt0072562|
Saved by the Bell|tt0096694|
seaQuest 2032|tt0106126|
seaQuest DSV|tt0106126|
Secret Lives of the Super Rich|tt3216832|
Shahs of Sunset|tt1997999|
Shelley Duvall's Bedtime Stories|tt0103544|
Sitting Ducks|tt0081522|
Sliders|tt0112167|
Snapped|tt0143885|
Songland|tt10098278|
Southern Charm New Orleans|tt6845424|
Southern Charm Savannah|tt6936928|
Starveillance|tt0844234|
Staten Island Hustle|tt8134760|
Stone Age|tt11792598|
Storage Wars|tt1785123|
Suits|tt0185711|tt8084058
Swedish Dicks|tt5324116|
Sweet Home|tt0141861|
Sweet Home Oklahoma|tt6710612|
Talk Stoop|tt2268730|
The Big Fun Crafty Show|tt8559392|
The Blacklist|tt0006437|
The Capture|tt0042313|
The Car Chasers|tt2734600|
The Carol Burnett Show|tt0061240|
The Commish|tt0101069|
The Disappearance of Maura Murray|tt3811280|
The Filthy Rich Guide|tt5189392|
The Game|tt0095196|tt0772137
The Goode Family|tt1183569|
The Jeff Foxworthy Show|tt0112025|
The Jury Speaks|tt6714616|
The Kelly Clarkson Show|tt9022950|
The King of Queens|tt0165581|
The Mummy|tt0023245|
The Munsters|tt0057773|
The New Adventures of He-Man|tt0169477|
The Profit|tt0277255|
The Real Housewives of Dallas|tt5512352|
The Rockford Files|tt0071042|
The Titan Games|tt7967262|
The Tonight Show Starring Jimmy Fallon|tt3444938|
The Twisted Tales of Felix the Cat|tt0179618|
Three Days to Live|tt0015406|
Top Chef Masters|tt1427816|
Treasure Detectives|tt2734588|
Two and a Half Men|tt0369179|
Undercover Boss|tt1442553|
Unsolved Mysteries|tt0094574|
Very Cavallari|tt8303084|
WAGS LA|tt4986084|
WAGS: Miami|tt6316862|
Warehouse 13|tt1132290|
West Texas Investors Club|tt4970456|
Where's Waldo?|tt0213376|
Wing Commander Academy|tt0115421|
Wolfblood|tt0016545|
WrestleMania Rewind|tt3974344|
WWE Ruthless Aggression|tt11958592|
WWE Untold|tt11981130|
Yellowstone|tt0028523|
Zoey's Extraordinary Playlist|tt10314462|
1 Mile to You|tt2184233|
100 Degrees Below Zero|tt2538128|
11/11/11|tt1712159|
13/13/13|tt2991516|
2 Years of Love|tt3752610|
21 Grams|tt0315733|
3rd Street Blackout|tt3520008|
40 Days and Nights|tt2439946|
4Got10|tt4510398|
4th Man Out|tt3978720|
5 Weddings|tt1971310|
500 MPH Storm|tt2518848|
A Belle for Christmas|tt3256812|
A Faster Horse|tt3762974|
A Fine Step|tt1604100|
A Foreign Affair|tt0040367|
A Guide to Recognizing Your Saints|tt0473488|
A Little Bit of Heaven|tt0032714|
A Simple Wish|tt0120133|
A Very Sordid Wedding|tt5634960|
A Year and Change|tt3339354|
Abbott and Costello Meet Frankenstein|tt0040068|
Abbott and Costello Meet the Mummy|tt0047795|
Abundant Acreage Available|tt5462906|
Accepted|tt0384793|
Addicted to Fresno|tt4000870|
Age of Dinosaurs|tt2518926|
Ain't Misbehavin'|tt0047804|
Alex Cross|tt11794812|
Ali G Indahouse|tt0284837|
All American Christmas Carol|tt2110388|
All Between Us|tt5150228|
All Quiet on the Western Front|tt0020629|
All Summers End|tt2370230|
All We Had|tt1413505|
All-Stars|tt0080041|
Almost Adults|tt4686862|
Almost Friends|tt3246436|
Already Tomorrow in Hong Kong|tt3700804|
Alright Now|tt6421118|
Always Woodstock|tt1995477|
Always Worthy|tt3729800|
American Heist|tt2923316|
American Psycho|tt0144084|
American Sniper|tt2179136|
Americano|tt0368571|
An Actor Prepares|tt0241154|
An American Crime|tt0802948|
Android Cop|tt3393070|
Angels Sing|tt1833888|
Animal|tt0075683|
Animal Crackers|tt0020640|
Another Tango|tt6862864|
Any Day|tt3266948|
Anything Is Possible|tt10165678|
Apocalypse Pompeii|tt3384904|
Arabesque|tt0060121|
Ardennes Fury|tt3922754|
Are You Here|tt1545754|
Ashes in the Snow|tt3759298|
Atonement|tt0009891|
Attila|tt0046731|
Austin Found|tt2658538|
Avenues|tt10015086|
Back in Time|tt0380851|
Bakery in Brooklyn|tt4065212|
Band of Robbers|tt4048668|
Bangkok Dangerous|tt0263101|
Banking on Bitcoin|tt5033790|
Banksy and the Rise of Outlaw Art|tt11393026|
Barbie in the Pink Shoes|tt2630134|
Barney's Great Adventure|tt0120598|
Basmati Blues|tt1131728|
Beau Geste|tt0016634|
Beau Geste|tt0016634|
Beautiful Creatures|tt0221889|
Beers of Joy|tt7661396|
Beetlejuice|tt0094721|
Being Evel|tt4076756|
Bend of the River|tt0044413|
Bernie|tt0115658|
Beware the Gonzo|tt1412442|
Beyond the Sea|tt0363473|
Big Fan|tt1228953|
Big Fat Liar|tt0265298|
Big Nothing|tt0488085|
Bigfoot|tt0065470|
Billy Elliot|tt0249462|
Bird on a Wire|tt0099141|
Birds of Paradise|tt0342063|
Black Horse Canyon|tt0046785|
Blonde Venus|tt0022698|
Bomb City|tt4351548|
Border River|tt0046800|
Brave New Jersey|tt4660172|
Brewster's Millions|tt0003698|
Bride of Frankenstein|tt0026138|
Bright Young Things|tt0325123|
Brokeback Mountain|tt0388795|
Broken Flowers|tt0412019|
Brüno|tt0123003|
Buddymoon|tt2923692|
Bug|tt0072750|
Bulletproof|tt0094813|
Calamity Jane and Sam Bass|tt0041220|
California Typewriter|tt5966990|
Calvin Marshall|tt0496673|
Candy|tt0062776|
Cape Fear|tt0055824|
Captain Corelli's Mandolin|tt0238112|
Captivity|tt0374563|
Casual Sex?|tt0094846|
Cat Run|tt1446147|
Charade|tt0045620|
Charlie Wilson's War|tt0472062|
Chase|tt0069572|
Checkmate|tt0053491|
Cherrybomb|tt1248971|
Christmas All Over Again|tt3503454|
Christmas in the Heartland|tt3396114|
Christmas With the Andersons|tt6026014|
Chu and Blossom|tt2339064|
Clockers|tt0112688|
Coal Miner's Daughter|tt0080549|
Committed|tt0094900|
Conception|tt0115935|
Coogan's Bluff|tt0062824|
Corbin Nash|tt2948160|
Crackers|tt0087096|
Crooklyn|tt0109504|
Da Sweet Blood of Jesus|tt3104930|
Dave Chappelle's Block Party|tt0425598|
Dave Made a Maze|tt4457344|
Dead Ringers|tt0094964|
Dear Santa|tt0129360|
Death of a Gunfighter|tt0064217|
Death of a Superhero|tt1384927|
Death Takes a Holiday|tt0025037|
Desire|tt0011108|
Destry|tt0046906|
Destry Rides Again|tt0022810|
Dial a Prayer|tt3593666|
Do the Right Thing|tt0097216|
Do U Want It?|tt6014396|
Doctor Detroit|tt0085450|
Dog Pound|tt1422020|
Dolphin Tale|tt1564349|
Doomsday|tt0018846|
Double Indemnity|tt0036775|
Dracula|tt0021814|
Dracula's Daughter|tt0027545|
Dragnet|tt0039339|
Dudley Do-Right|tt0160236|
Dying Laughing|tt5068712|
Eastern Promises|tt0765443|
Elephant White|tt1578882|
End of Days|tt0146675|
Escape From New York|tt0082340|
Essential Killing|tt1561768|
Evan Almighty|tt0413099|
Evening|tt0231023|
Everything Must Go|tt0131278|
Exposed|tt0022865|
Family Plot|tt0074512|
Fear|tt0038524|
Fear and Loathing in Las Vegas|tt0120669|
Fear of a Black Hat|tt0106880|
Felony|tt0113048|
Fight for Space|tt2878846|
Fishbowl California|tt5547910|
Fletch|tt0089155|
Fletch Lives|tt0097366|
For Ellen|tt1570583|
For Whom the Bell Tolls|tt0035896|
Forgetting Sarah Marshall|tt0800039|
Frankie Go Boom|tt1772271|
Frenzy|tt0031342|
Fried Green Tomatoes|tt0101921|
From Prada to Nada|tt0893412|
Gallows Road|tt3100052|
Gallowwalkers|tt0829176|
Generation Zapped|tt6264018|
Gerry|tt0302674|
Get a Job|tt0119996|
Gigantic|tt0177507|
Girl With a Pearl Earring|tt0335119|
Gods of Egypt|tt2404233|
Going My Way|tt0036872|
Golden Winter|tt2202750|
Gosford Park|tt0280707|
Grace of My Heart|tt0116442|
Gun for a Coward|tt0049285|
Gunsmoke|tt0045847|
Happy Yummy Chicken|tt4767990|
Hard Candy|tt0139318|
Haunters|tt0427337|
Heat|tt0068688|
Held Up|tt0165831|
Hercules Reborn|tt3499424|
Hide Your Smiling Faces|tt1964773|
High Art|tt0139362|
Highland Park|tt1506998|
Highlander|tt0091203|
Hilary and Jackie|tt0150915|
Hit by Lightning|tt0201195|
Hold Back the Dawn|tt0033722|
Hollow Creek|tt2545538|
Horse Feathers|tt0023027|
House of Dracula|tt0037793|
House of Frankenstein|tt0036931|
House of the Dead|tt0317676|
How to Make Money Selling Drugs|tt1276962|
Howard the Duck|tt0091225|
Hurricane|tt0020992|
Hyena|tt1007977|
I Know That Voice|tt2113683|
I'm Not Rappaport|tt0116601|
Identity Thief|tt2024432|
If I Were You|tt0259561|
Imagining Argentina|tt0314197|
Imitation of Life|tt0025301|
Imitation of Life|tt0025301|
In Deep With Ryan Lochte|tt12591152|
In the Name of the Father|tt0067481|
Inside I'm Dancing|tt0417791|
Inside the Rain|tt11029976|
Intruders|tt0087477|
It Came From Outer Space|tt0045920|
Jackie|tt0012328|
Jamie Marks Is Dead|tt2381046|
Janie Jones|tt1509130|
Jigsaw|tt0041523|
Jurassic City|tt0355618|
Kamome|tt0375888|
Keepers of the Magic|tt2828532|
Killer Legends|tt3449040|
Kindergarten Cop 2|tt4763168|
King Ralph|tt0102216|
LA Woman Rising|tt3576896|
Lady Godiva|tt0136360|
Lady on a Train|tt0037859|
Larry Crowne|tt1583420|
Leap Year|tt0012382|
Leatherface|tt0139419|
Leaving Normal|tt0104697|
Let Me Make You a Martyr|tt3699372|
Life|tt0087992|
Listen Up Philip|tt3093546|
Little Fockers|tt0970866|
Little Miss Marker|tt0025410|
Live at the Foxes Den|tt1951176|
Lorenzo's Oil|tt0104756|
Lost Highway|tt0116922|
Lost in Translation|tt0335266|
Lover Come Back|tt0022094|
Mad About Mambo|tt0156757|
Mad Dog and Glory|tt0107473|
Madame Bovary|tt0025442|
Madame Sousatzka|tt0095564|
Mafia|tt0063010|
Maladies|tt1592265|
Man of a Thousand Faces|tt0050681|
Man on the Moon|tt0125664|
Marnie|tt0058329|
Marooned|tt0024305|
McHale's Navy|tt0055689|
McHale's Navy|tt0055689|
McHale's Navy Joins the Air Force|tt0059437|
Meadowland|tt3529656|
Meatballs|tt0079540|
Meet the Patels|tt2378401|
Mercury Rising|tt0120749|
Mercy|tt0117025|
Message Man|tt2787302|
Metropia|tt0434704|
Midnight Lace|tt0054084|
Midway|tt0074899|
Misery Loves Comedy|tt3132632|
Miss Arizona|tt0010471|
Missing|tt0009382|
Monsoon Wedding|tt0265343|
Moonrise Kingdom|tt1748122|
Morocco|tt0021156|
Murderball|tt0436613|
My Favorite Blonde|tt0035100|
My Little Eye|tt0280969|
My Man Godfrey|tt0028010|
Nanny McPhee|tt0396752|
Nanny McPhee Returns|tt1415283|
Natural Vice|tt5039992|
Ned Kelly|tt0066130|
New Chefs on the Block|tt6096346|
New in Town|tt1095174|
Night Monster|tt0035124|
Night Passage|tt0050763|
No Man of Her Own|tt0023277|
No Postage Necessary|tt5988216|
Oceans Rising|tt6215044|
Once Fallen|tt1087524|
One True Thing|tt0120776|
P2|tt0804516|
Palo Alto|tt2479800|
Parts Per Billion|tt2495104|
People, Places, Things|tt4104022|
Perfect Sisters|tt2027231|
Phantom Thread|tt5776858|
Pillow Talk|tt0053172|
Ping Pong Summer|tt2402985|
Play Misty for Me|tt0067588|
Poor Boy's Game|tt0816616|
Posse From Hell|tt0055318|
Preggoland|tt2559458|
Pretty Ugly People|tt0874425|
Primary Colors|tt0119942|
Psycho|tt0054215|
Raggedy Man|tt0082969|
Raw Edge|tt0049661|
Ready 2 Die|tt1290475|
Rear Window|tt0047396|
Red Lights|tt0014398|
Red Rock West|tt0105226|
Remember the Daze|tt0790618|
Remember the Night|tt0032981|
Reservation Road|tt0831884|
Reservoir Dogs|tt0105236|
Road to Singapore|tt0032993|
Road to Utopia|tt0038032|
Road to Zanzibar|tt0034116|
Rope|tt0040746|
Rumble Fish|tt0086216|
Rush Hour|tt0120812|
Rush Hour 2|tt0266915|
Rush Hour 3|tt0293564|
Saboteur|tt0035279|
Sal|tt0389341|
Scarface|tt0023427|
Scorched Earth|tt0214550|
Sea of Love|tt0098273|
Secretary|tt0214104|
Serial Mom|tt0111127|
Shadow of a Doubt|tt0036342|
Shanghai Express|tt0023458|
Shattered Glass|tt0323944|
Showdown at Abilene|tt0049755|
Silent Running|tt0067756|
Six Black Horses|tt0056496|
Slaughterhouse Five|tt0069280|
Sleepaway Camp|tt0086320|
Smoke Signal|tt0048634|
Snakes on a Plane|tt0417148|
Snapshots|tt0258173|
Sold|tt0006064|
Some Velvet Morning|tt2231138|
Somebody Up There Likes Me|tt0049778|
Son of Dracula|tt0036376|
Son of Frankenstein|tt0031951|
Song One|tt2182972|
Sparrows Dance|tt1822311|
Spartacus|tt0054331|
Spellbound|tt0033088|
Starred Up|tt2567712|
Stay|tt0371257|
Stella Days|tt1773058|
Stolen|tt0365791|
Streets of Laredo|tt0041929|
Strictly Sinatra|tt0219327|
Struck by Lightning|tt0078695|
Summer in February|tt2184287|
Sunlight Jr.|tt1517249|
Supporting Characters|tt1874789|
Taking Woodstock|tt1127896|
Tales From the Hood|tt0114609|
Talk Radio|tt0096219|
Tammy and the Bachelor|tt0051051|
Tammy and the Doctor|tt0057558|
Tammy Tell Me True|tt0055503|
Ted|tt0159787|
Texas Across the River|tt0061080|
Texas Rangers Ride Again|tt0033140|
The 51st State|tt0207241|
The 60 Yard Line|tt5028598|
The Air I Breathe|tt0485851|
The Bachelor Weekend|tt2573858|
The Best Little Whorehouse in Texas|tt0083642|
The Big Lebowski|tt0118715|
The Bill Murray Experience|tt6269470|
The Birds|tt0056869|
The Black Dahlia|tt0387877|
The Bourne Supremacy|tt0372183|
The Bourne Ultimatum|tt0440963|
The Brides of Dracula|tt0053677|
The Chalk Garden|tt0057933|
The Cimarron Kid|tt0043408|
The Cocoanuts|tt0019777|
The Cold Light of Day|tt0110125|
The Comedy|tt2112293|
The Competition|tt0080556|
The Condemned|tt0076180|
The Creature Walks Among Us|tt0049103|
The Crush|tt0106627|
The Curse of the Werewolf|tt0054777|
The Day of the Jackal|tt0069947|
The Debt|tt0007844|
The Deer Hunter|tt0077416|
The Eiger Sanction|tt0072926|
The Evil of Frankenstein|tt0058073|
The Exorcist III|tt0099528|
The Four Seasons|tt0079216|
The Front Page|tt0021890|
The Ghost of Frankenstein|tt0034786|
The Giant Mechanical Man|tt1769363|
The Good Shepherd|tt0343737|
The Graduate|tt0061722|
The Great Impostor|tt0053879|
The Great Waldo Pepper|tt0073075|
The Haunting in Connecticut|tt0492044|
The Haunting of Whaley House|tt2396701|
The Hi-Lo Country|tt0120699|
The Hitcher|tt0091209|
The Horse Dancer|tt6228640|
The Humbling|tt1568343|
The Incredible Shrinking Man|tt0050539|
The Incredible Shrinking Woman|tt0082558|
The Insufferable Groo|tt8550652|
The Interpreter|tt0367155|
The Invisible Man|tt0024184|
The Invisible Man Returns|tt0032635|
The Invisible Man's Revenge|tt0036959|
The Invisible Woman|tt0032637|
The Lady Eve|tt0033804|
The Last Days of Disco|tt0120728|
The Last Rites of Joe May|tt1550902|
The Last Temptation of Christ|tt0095497|
The Life of David Gale|tt0289992|
The Love Letter|tt0014217|
The Major and the Minor|tt0035019|
The Man Who Knew Too Much|tt0025452|
The Man Who Wasn't There|tt0085892|
The Milagro Beanfield War|tt0095638|
The Mummy's Curse|tt0037098|
The Mummy's Ghost|tt0037099|
The Mummy's Hand|tt0032818|
The Mummy's Tomb|tt0035096|
The Outcasts|tt0062596|
The Paper|tt0110771|
The Phantom of the Opera|tt0016220|
The Phantom of the Opera|tt0016220|
The Promise|tt0008468|
The Proposition|tt0119960|
The Rare Breed|tt0060884|
The Rawhide Years|tt0049663|
The Redhead From Wyoming|tt0045077|
The River|tt0020335|
The Shepherd of the Hills|tt0010690|
The Spoilers|tt0004630|
The Spy Next Door|tt0475054|
The Sting|tt0070735|
The Texas Rangers|tt0028352|
The Thrill of It All|tt0057581|
The Trotsky|tt1295072|
The Trouble With Harry|tt0048750|
The Truth Is in the Stars|tt7104950|
The TV Set|tt0473709|
The Ultimate Gift|tt0482629|
The Ultimate Life|tt1718996|
The War Wagon|tt0062472|
The Wild and the Innocent|tt0053445|
The Wilde Wedding|tt5066056|
The Yellow Mountain|tt0047685|
Thick as Thieves|tt0071066|
Thomas Kinkade's Christmas Cottage|tt0999872|
Three Smart Girls|tt0028373|
Time Is Illmatic|tt3549508|
To Each His Own|tt0039040|
Topaz|tt0038180|
Topsy-Turvy|tt0086498|
Torn Curtain|tt0061107|
Transsiberian|tt0800241|
Trespass|tt0105636|
True Confession|tt0029695|
Trust|tt0103130|
Tumbleweed|tt0046469|
Turkey Bowl|tt1800401|
Twister|tt0096321|
Unexpected|tt0032628|
Untamed Frontier|tt0045281|
Upside Down|tt0194495|
Vanity Fair|tt0006210|
Vertigo|tt0052357|
W.|tt0196301|
Waiting for the Miracle to Come|tt4444732|
War, Inc.|tt3672564|
What Dreams May Come|tt0120889|
What Maisie Knew|tt0075423|
What Richard Did|tt2092011|
When Stand Up Stood Out|tt0790823|
White Palace|tt0103251|
Wild Style|tt0084904|
Wildflower|tt0004816|
Willie|tt0174340|
Written on the Wind|tt0049966|
Wyoming Mail|tt0043149|
Yanks|tt0080157|
You Laugh But It's True|tt1671547|
Zero Charisma|tt2294965|
3-2-1 Penguins!|tt1114703|
Beat the Clock|tt0042080|
Beethoven|tt0103786|
Care Bears|tt0284713|
Cleopatra in Space|tt11343400|
Curious George|tt0221100|
Dork Hunters From Outer Space|tt1380835|
Exosquad|tt0106842|
Fievel's American Tails|tt0221172|
Fifi and the Flowertots|tt0484802|
Get Out of My Room|tt0089199|
Guess With Jess|tt1695536|
Junk Drawer Magic|tt5525448|
Legend of the Dragon|tt0100047|
Life Hacks For Kids|tt4674760|
Little Charley Bear|tt1313065|
Maisy|tt1176301|
Make Way for Noddy|tt0383122|
My Life Me|tt4654650|
Noddy in Toyland|tt0251303|
Noddy's Toyland Adventures|tt0108881|
Pac-Man and the Ghostly Adventures|tt2392179|
Pocket Dragon Adventures|tt0158854|
Postman Pat|tt0149509|
Raa Raa the Noisy Lion|tt2021826|
Roary the Racing Car|tt1027544|
Sabrina the Teenage Witch|tt0066707|
Shelley Duvall's Bedtime Stories|tt0103544|
Sitting Ducks|tt0081522|
Stone Age|tt11792598|
The Big Fun Crafty Show|tt8559392|
The New Adventures of He-Man|tt0169477|
The Twisted Tales of Felix the Cat|tt0179618|
Where's Waldo?|tt0213376|
Wing Commander Academy|tt0115421|
100 Días para Enamorarnos|tt11243606|
Al Otro Lado del Muro|tt6744624|
Betty en NY|tt8682738|
Caso Cerrado|tt0088887|
Celia|tt0041236|
Cennet|tt1171672|
Corazón Valiente|tt0220373|
El Chema|tt5730624|
El Rostro de la Venganza|tt2264640|
Historias de la Virgen Morena|tt2537348|
I Love Jenni|tt1816839|
La Querida del Centauro|tt4689000|
Larrymania|tt4139590|
Mi Familia Perfecta|tt7885292|
Minuto para Ganar|tt2278710|
Más Sabe el Diablo|tt1446611|
Perro Amor|tt0224945|
Reina de Corazones|tt0357394|
Santa Diabla|tt3072546|
Un Poquito Tuyo|tt9837564|
Victoria|tt0008737|
Victorinos|tt1464507|
¿Quién es Quién?|tt0449155|
NBC Nightly News With Lester Holt|tt0231035|
Meet the Press|tt0149490|
Dateline NBC|tt0103396|
Sunday Today With Willie Geist|tt8005764|
TODAY|tt0021480|
NBC Nightly News With Lester Holt|tt0231035|
Meet the Press|tt0149490|
Dateline NBC|tt0103396|
Sunday Today With Willie Geist|tt8005764|
The Rachel Maddow Show|tt1280627|
The Reidout|tt12682354|
All In with Chris Hayes|tt2926042|
Squawk on the Street|tt0972736|
Squawk Box|tt0375456|
Closing Bell|tt1936229|
Daily Pop|tt6852266|
The Soup|tt0421460|
Celebrity Call Center|tt12718002|
Lost Speedways|tt12591286|
Being Evel|tt4076756|
In Deep With Ryan Lochte|tt12591152|
The Titan Games|tt7967262|
Feherty|tt1962630|
Cleveland Hustles|tt6049784|
In Deep With Ryan Lochte|tt12591152|
Kamome|tt0375888|
1968|tt0166470|
The Dream Team|tt0097235|
Willie|tt0174340|
1968|tt0166470|
Being Evel|tt4076756|
The Dream Team|tt0097235|
Murderball|tt0436613|
In Deep With Ryan Lochte|tt12591152|
The Titan Games|tt7967262|
Lost Speedways|tt12591286|
In Deep With Ryan Lochte|tt12591152|
Feherty|tt1962630|
American Ninja Warrior|tt1587934|
Cleveland Hustles|tt6049784|
It's Called Football|tt6361070|
Feherty|tt1962630|
Hogan|tt11136718|
Payne|tt0182623|
Jack|tt0074704|
Arnie|tt0065274|
WrestleMania Rewind|tt3974344|
WWE Ruthless Aggression|tt11958592|
WWE Untold|tt11981130|
Inside the Mind|tt0131452|
Crossroads|tt0019043|
In the Shadow of the Kop|tt11886524|
