title|actor1|actor2|actor3|director1|director2|imdb_number
Virtuosity|Denzel Washington|WIlliam Forsythe|Russell Crowe|Brett Leonard||tt0114857
Whiskey Tango Foxtrot|Martin Freeman|Alfred Molina|Margot Robbie|Glenn Ficarra|John Requa|tt3553442
Lost In The White City|Thomas Dekker|Bob Morley|Haley Bennett|Gil Kofman|Tanner King Barklow|tt2873280
Dark Power|Kevin Dobson|Chris Carmack|Kristanna Loken|John Milton Branton||tt2132301
The Lazarus Papers|Bai Ling|Danny Trejo|Damon Whitaker|Jeremiah Hundley||tt1247400
Yoga Hosers|Ashley Greene|Harley Quinn Smith|Harley Morenstein|Kevin Smith||tt3838992
Cleanin' Up the Town -  Remembering Ghostbusters|Michael C. Gross|Terry Windell|Dan Aykroyd|Anthony Bueno||
The Clearing|Aundrea Smith|Sydelle Noel|Steven Swadling|David Matalon||tt7411112
Portals|Neil Hopkins|Deanna Russo|Ptolemy Slocum|Gregg Hale|Eduardo Sanchez|tt10327842
Crown Vic|Luke Kleintank|Bridget Moynahan|Thomas Jane|Joel Souza||tt4558200
Bel Canto|Julianne Moore|Ken Watanabe|Christopher Lambert|Paul Weitz||tt6046314
I Am Big Bird|Jim Henson|Frank Oz|Caroll Spinney|Dave LaMattina|Chad N. Walker|
Memory - The Origins of Alien|Tom Skerritt|Ridley Scott|Veronica Cartwright|Alexandre O. Philippe||
Wonders Of The Sea|Arnold Schwarzenegger|Celine Cousteau|Jean-Michel Cousteau|Jean-Jacques Mantello|Jean-Michel Cousteau|tt5495792
Liam Gallagher -  As It Was|Liam Gallagher|||Charlie Lightening||
Train to Busan|Yoo Gong|Dong-seok Ma|Yu-mi Jung|Sang-ho Yeon||tt5700672
Clara|Patrick J Adams|Troian Bellisario|Kristen Hager|Akash Sherman||tt6613878
Enron -  The Smartest Guys In The Room|John Beard|Barbara Boxer|Tim Belden|Alex Gibney||
Luz|Julia Riedler|Luana Velis|Johannes Benecke|Tillman Singer||tt7858616
Touchy Feely|Scoot McNairy|Allison Janney|Rosemarie DeWitt|Lynn Shelton||tt2364949
Double Dragon|Robert Patrick|Scott Wolf|Mark Dacascos|James Yukich||tt0106761
Afterglow|Lara Flynn Boyle|Nick Nolte|Jonny Lee Miller|Alan Rudolph||tt0118566
Palo Alto|Emma Roberts|James Franco||Gia Coppola||tt2479800
Essential Killing|Emmanuelle Seigner|Vincent Gallo||Jerzy Skolimowski||tt1561768
Detachment|Adrien Brody|Christina Hendricks|Marcia Gay Harden|Tony Kaye||tt1683526
Death of a Superhero|Andy Serkis|Thomas Brodie Sangster||Ian Fitzgibbon||tt1384927
The Comedy|James Murphy|Tim Heidecker|Eric Wareheim|Rick Alverson||tt2112293
Beware The Gonzo|Ezra Miller|Jesse McCartney|Zoe Kravitz|Bryan Goluboff||tt1412442
Beneath The Harvest Sky|Aidan Gillen|Callan McAuliffe|Emory Cohen|Aaron Gaudet|Gita Pullapilly|tt2313896
All Together|Geraldine Chaplin|Jane Fonda|Daniel Bruhl|Stephane Robelin||tt1674057
Ma Ma|Luis Tosar|Asier Etxeandia|Penelope Cruz|Julio Medem||tt3480886
Monogamy|Meital Dohan|Rashida Jones|Zak Orth|Dana Adam Shapiro||tt1502714
The Love Witch|Kaye L Morris|Elle Evans|Samantha Robinson|Anna Biller||tt3908142
Whitewash|Marc Labreche|Thomas Haden Church||Emanuel Hoss-Desmarais||tt2297063
We Need to Talk About Kevin|Ezra Miller|Tilda Swinton|John C Reilly|Lynne Ramsay||tt1242460
Relaxer|Andre Hyland|Adina Howard|Joshua Burge|Joel Potrykus||tt7952920
The Messenger|Ben Foster|Woody Harrelson|Samantha Morton|Oren Moverman||tt0790712
Meek's Cutoff|Zoe Kazan|Michelle Williams|Paul Dano|Kelly Reichardt||tt1518812
Stephen King's A Good Marriage|Anthony LaPaglia|Joan Allen|Stephen Lang|Peter Askin||
The Score|Serge Houde|Robert De Niro|Gary Farmer|Frank Oz||tt0227445
Drinking Buddies|Jason Sudeikis|Jake Johnson|Anna Kendrick|Joe Swanberg||tt2265398
Street Dreams Los Angeles|Kamy Bruder|Siya|Eric Bellinger|Romane Simon|Jordan Cann|
Coherence|Emily Foxler|Maury Sterling|Nicholas Brendon|James Ward Byrkit||tt2866360
Always Shine|Lawrence Michael Levine|Mackenzie Davis|Caitlin FitzGerald|Sophia Takal||tt4392770
Howl|Jon Hamm|Mary Louise Parker|David Strathairn|Rob Epstein|Jeffrey Friedman|tt1049402
Hello I Must Be Going|Blythe Danner|John Rubinstein|Melanie Lynskey|Todd Louiso||tt2063666
Buzzard|Joshua Burge|Joel Potrykus||Joel Potrykus||tt2656588
Bellflower|Rebekah Brandes|Jessie Wiseman|Evan Glodell|Evan Glodell||tt1242599
12 O Clock Boys||||Lofty Nathan||
Renoir|Christa Theret|Vincent Rottiers|Michel Bouquet|Gilles Bourdos||tt2150332                     
